<?xml version="1.0" encoding="UTF-8"?>
<project-private xmlns="http://www.netbeans.org/ns/project-private/1">
    <editor-bookmarks xmlns="http://www.netbeans.org/ns/editor-bookmarks/2" lastBookmarkId="0"/>
    <open-files xmlns="http://www.netbeans.org/ns/projectui-open-files/2">
        <group>
            <file>file:/Users/nannan/NetBeansProjects/Final_Project_3%202/src/UserInterface/SystemAdmin/SystemAdminWorkAreaPanel.java</file>
            <file>file:/Users/nannan/NetBeansProjects/Final_Project_3%202/src/UserInterface/SystemAdmin/ManageEnterprisePanel.java</file>
            <file>file:/Users/nannan/NetBeansProjects/Final_Project_3%202/src/UserInterface/SystemAdmin/ManageNetworkPanel.java</file>
            <file>file:/Users/nannan/NetBeansProjects/Final_Project_3%202/src/UserInterface/ShopConnect/ShopConnectWorkAreaPanel.java</file>
            <file>file:/Users/nannan/NetBeansProjects/Final_Project_3%202/src/UserInterface/OrderManager/OrderManagerWorkAreaPanel.java</file>
            <file>file:/Users/nannan/NetBeansProjects/Final_Project_3%202/src/UserInterface/SystemAdmin/ManageEnterpriseAdminPanel.java</file>
            <file>file:/Users/nannan/NetBeansProjects/Final_Project_3%202/src/UserInterface/MainJFrame.java</file>
            <file>file:/Users/nannan/NetBeansProjects/Final_Project_3%202/src/UserInterface/KitchenAdmin/KitchenAdminWorkAreaPanel.java</file>
            <file>file:/Users/nannan/NetBeansProjects/Final_Project_3%202/src/UserInterface/KitchenAdmin/KitchenDetailPanel.java</file>
        </group>
    </open-files>
</project-private>
